<?xml version="1.0" encoding="UTF-8"?>
<project-private xmlns="http://www.netbeans.org/ns/project-private/1">
    <editor-bookmarks xmlns="http://www.netbeans.org/ns/editor-bookmarks/2" lastBookmarkId="0"/>
    <open-files xmlns="http://www.netbeans.org/ns/projectui-open-files/2">
        <group>
            <file>file:/C:/Users/Amanda/Documents/NetBeansProjects/CS310Detar/src/cs310detar/PropertyLogImpl.java</file>
            <file>file:/C:/Users/Amanda/Documents/NetBeansProjects/CS310Detar/src/cs310detar/RealtorLogImpl.java</file>
            <file>file:/C:/Users/Amanda/Documents/NetBeansProjects/CS310Detar/src/cs310detar/RealtorNode.java</file>
            <file>file:/C:/Users/Amanda/Documents/NetBeansProjects/CS310Detar/src/cs310detar/RealtorQueueImpl.java</file>
            <file>file:/C:/Users/Amanda/Documents/NetBeansProjects/CS310Detar/src/cs310detar/MapEntry.java</file>
            <file>file:/C:/Users/Amanda/Documents/NetBeansProjects/CS310Detar/src/cs310detar/Realtor.java</file>
            <file>file:/C:/Users/Amanda/Documents/NetBeansProjects/CS310Detar/src/cs310detar/CS310Detar.java</file>
            <file>file:/C:/Users/Amanda/Documents/NetBeansProjects/CS310Detar/src/cs310detar/PrintImpl2.java</file>
            <file>file:/C:/Users/Amanda/Documents/NetBeansProjects/CS310Detar/src/cs310detar/PropertyNode.java</file>
        </group>
    </open-files>
</project-private>
